{
	"Date": "1/1/2020",
	"GDP" : 21.73427, 
	"StudentDebt": 1.64318653, 
	"HouseholdDebt": 14.145,
	"German10Y": -0.3,
	"CPI": 258.444,
	"PPI": 199.2,
	"ConsumerRent": 335.958,
	"CaseShiller": 213.789
}